{"train": {"path": ["checkpoints/cnn_0.ckpt", "checkpoints/cnn_1.ckpt", "checkpoints/cnn_2.ckpt", "checkpoints/cnn_3.ckpt"], "score": [[0.24457170069217682, 0.9134645462036133, 0.6417204737663269, -1.4932153224945068, 0.1508404016494751, 0.07840225100517273, 0.7147663235664368, -0.27156588435173035, -1.3073285818099976, 0.7740399837493896], [0.6705988049507141, -1.1422542333602905, -1.3621551990509033, 1.3389827013015747, -0.37848615646362305, -0.3163248300552368, -0.5484696626663208, 0.29417404532432556, -0.4581370949745178, 0.4012932777404785], [-0.03303646668791771, -1.0265159606933594, 0.941053569316864, -0.38841482996940613, 0.5357358455657959, -0.6703871488571167, -1.003272294998169, 0.6050655841827393, 0.04421219229698181, -2.444920778274536], [0.958484947681427, 0.2934134304523468, 0.9507086277008057, -0.43686622381210327, -0.6861109733581543, 0.5752297043800354, 0.11685150116682053, -0.7701732516288757, -1.0465328693389893, -1.5734220743179321]]}, "val": {"path": ["checkpoints/cnn_4.ckpt"], "score": [[-0.6500519514083862, 2.121405839920044, 0.7343776822090149, -0.6431312561035156, -0.6524667143821716, -0.28021934628486633, -0.3528687357902527, -0.4985848367214203, -0.5066206455230713, -1.3660688400268555]]}}