{"train": {"path": ["checkpoints/cnn_0.ckpt", "checkpoints/cnn_1.ckpt", "checkpoints/cnn_2.ckpt", "checkpoints/cnn_3.ckpt"], "score": [[-1.0212469100952148, -0.8830926418304443, -2.3964357376098633, -0.022307217121124268, 1.8404484987258911, 0.9294388890266418, 0.7105295062065125, 0.5504970550537109, 0.28127148747444153, 1.0696966648101807], [-0.6968235969543457, 0.8670318722724915, 0.3586549758911133, 2.147120237350464, -1.7157002687454224, 1.1989715099334717, -1.642034649848938, 0.6693375110626221, -0.5846730470657349, 1.9998736381530762], [0.9736654758453369, 0.8021937012672424, -0.3411215543746948, 0.4483736753463745, 0.5372757315635681, -0.9663355350494385, 0.7600035667419434, -0.7102519869804382, -0.20359332859516144, -0.1669798642396927], [-1.035066843032837, -0.2611755430698395, -1.7078990936279297, 0.9378455281257629, -1.2030577659606934, -1.4829789400100708, 1.8492987155914307, -0.5261176228523254, -0.7226347923278809, -0.3087424635887146]]}, "val": {"path": ["checkpoints/cnn_4.ckpt"], "score": [[0.5421923398971558, 0.6431566476821899, -1.3954384326934814, 0.8587892651557922, -1.5048377513885498, -0.9369616508483887, 1.0557711124420166, 0.8482837677001953, -1.4768612384796143, -0.0822937861084938]]}}