{"train": {"path": ["checkpoints/cnn_0.ckpt", "checkpoints/cnn_1.ckpt", "checkpoints/cnn_2.ckpt", "checkpoints/cnn_3.ckpt"], "score": [[-0.580213725566864, 0.34942418336868286, 1.075915813446045, -0.11773049831390381, -0.534235417842865, 0.6935834288597107, -0.12684446573257446, -0.22247739136219025, 1.240795373916626, 0.7239927649497986], [0.1698494851589203, -0.621069610118866, -1.4305647611618042, -0.49148669838905334, 0.5731156468391418, -0.03799192234873772, 1.3675402402877808, -0.47959190607070923, 2.792431354522705, -0.6910678744316101], [0.7004575133323669, -0.26582399010658264, -2.8767457008361816, -0.12532080709934235, -0.13896477222442627, -0.5586280822753906, -0.22457382082939148, 0.15148569643497467, -1.2244009971618652, -0.22750256955623627], [1.3407893180847168, 0.043270356953144073, -1.4455358982086182, -0.18659305572509766, 0.3890784680843353, -0.4348212778568268, -0.5773658752441406, -0.5069209337234497, 1.0237499475479126, -0.6480388045310974]]}, "val": {"path": ["checkpoints/cnn_4.ckpt"], "score": [[-1.0330599546432495, 0.2687475085258484, 0.15853847563266754, 0.568845272064209, -1.0181676149368286, -1.0776185989379883, 0.7674840092658997, -0.735525369644165, -0.09278316050767899, 1.4458032846450806]]}}