{
  "num_epochs": 1,
  "train_loss": [
    -0.04890109598636627,
    -0.03068924881517887,
    -0.04145430028438568,
    -0.0102896923199296,
    -0.0478905513882637,
    -0.05132456496357918,
    -0.023999515920877457
  ],
  "val_loss": [
    -0.11083447188138962,
    -0.12022879719734192,
    -0.14241591095924377,
    -0.16674359142780304,
    -0.1389290988445282,
    -0.09693457186222076,
    -0.09452411532402039
  ],
  "train_acc": [
    0.1245752503829343
  ],
  "val_acc": [
    0.12485366900052343
  ]
}