{
  "num_epochs": 1,
  "train_loss": [
    0.013882928527891636,
    0.04341350495815277,
    0.010807952843606472,
    0.014479091390967369,
    0.02237987332046032,
    0.0011001313105225563,
    0.02113887295126915
  ],
  "val_loss": [
    -0.03491316735744476,
    -0.024311088025569916,
    -0.044790565967559814,
    -0.04674254357814789,
    -0.05784348398447037,
    -0.03418868035078049,
    -0.02062389627099037
  ],
  "train_acc": [
    NaN
  ],
  "val_acc": [
    NaN
  ]
}